##Data Table S3. List of differentially expressed genes and which cell type(s) they are differentially expressed in.,,,,,,,,,,,,,,,,,,,,,,,
,B-Asian,B-European,NK-Asian,NK-European,PB-Asian,PB-European,Progen-Asian,Progen-European,Prolif-Asian,Prolif-European,T4-Asian,T4-European,T8-Asian,T8-European,cDC-Asian,cDC-European,cM-Asian,cM-European,ncM-Asian,ncM-European,pDC-Asian,pDC-European,Module
AC016629.8,,,,,,,,,,,-0.585652429,,,,,,,,,,,,Up-B
AC079767.4,-0.815487144,-0.765822231,,,,,,,,,,,,,,,,,,,,,Down-Pan
AC132872.2,,,,,,,,,,,,,,,,,,-0.530850627,,,,, 
AK5,,,,,,,,,,,-0.505581838,-0.395748447,,,,,,,,,,,Down-Pan
AL592183.1,,,,,,,,,,,,,,,,,,,,-0.570053583,,,Down-Pan
ANKRD55,,,,,,,,,,,,-0.520001474,,,,,,,,,,,Down-Pan
APOBEC3A,,,,,,,,,,,,,,,,,,1.246366254,,1.323510192,,,Up-Monocyte
APOBEC3G,,,,0.274947422,,,,,,,0.353046214,0.301772808,,,,,0.351517556,0.518507242,,0.356060045,,,Up-Pan
APOL2,,,,,,,,,,,,,,,,,0.616071593,0.692460993,,,,,Up-Monocyte
APOL6,,,,,,,,,,,,,,,,,0.480638242,0.760825692,,,,,Up-Pan
ARHGAP24,-0.61083204,,,,,,,,,,,,,,,,0.381141981,,,,,,Down-Pan
ARL4A,-0.466253535,,,,,,,,,,,,-0.656196949,,,,,,,,,,Up-B
ARL4C,,,,,,,,,,,,,,,-0.836688806,-0.594294293,-0.8944709,-0.855318861,,,,,Up-T
ARRDC3,,,,,,,,,,,-0.350462112,-0.495732313,,-0.53074786,,,,,,,,,Down-Pan
ATF3,,,,,,,,,,,,,,,,,-1.304002105,-0.477139961,,,,,Up-B
ATF7IP2,,,,,,,,,,,-0.428449956,-0.422122555,-0.520681918,-0.583283323,,,,,,,,,Down-Pan
BHLHE40,,,,,,,,,,,,0.704640545,,,,,,,,,,,Up-B
BST2,,0.593164842,,0.659480458,,,,,,,0.346828894,0.358457771,0.340465155,0.450598195,,0.653672394,0.392285812,0.536201155,0.336084811,0.485137596,,,Up-Pan
BTG2,,,,,,,,,,,-0.199702405,-0.198066791,-0.575636528,,,,-0.472588115,,,,,,Up-B
C11orf48,,,,0.234874035,,,,,,,,0.276474768,0.279036035,,,,,,,0.536844032,,,Up-Monocyte
C12orf57,,,,,,,,,,,-0.191133225,-0.191791087,-0.182853753,,,,-0.518674155,,,,,,Down-Monocyte
C16orf74,,,,,,,,,,,,-0.378380908,,,,,,-0.539635337,,,,,Down-Pan
C1QB,,,,,,,,,,,,,,,,,,,1.043669754,,,,Up-Monocyte
CA11,,,,,,,,,,,,,,,,,,-0.59465671,,,,,Down-Pan
CACNA2D4,,,,,,,,,,,,,,,,,-0.670792847,,,,,, 
CAPG,,,,,,,,,,,,0.438531198,,,,,,,,0.580003165,,,Up-Monocyte
CCL3,,,,,,,,,,,,,,,,,-1.142225208,,,,,,Up-B
CCL4,,,,,,,,,,,,,,,,,-0.610377704,,,,,,Up-B
CCR1,,,,,,,,,,,,,,,,,,0.622901193,,,,,Up-Monocyte
CD1C,,-0.970205295,,,,,,,,,,,,,,,,,,,,,Down-Pan
CD27,-0.584444802,-0.700524508,,,,,,,,,,,,,,,,,,,,,Down-Pan
CD300E,,,,,,,,,,,,,,,,,,,0.623408983,0.81512585,,,Up-Monocyte
CD38,,,,0.548774454,,,,,,,,,,,,,,,,,,,Up-Pan
CD40,,0.312292796,,,,,,,,,,,,,,,,0.636384382,,,,,Up-B
CD69,,,-0.540589122,,,,,,,,,,-0.334648877,,,,,,,,,,Up-B
CD83,-0.640928135,-0.533123699,,,,,,,,,,,,,,,-1.041582864,-0.631328455,,-0.444310807,,,Up-T
CDKN1A,,,,,,,,,,,,,,,,,-0.620647445,,,,,,Up-B
CECR1,,,,,,,,,,,,,,,,,,0.217491257,,0.665649509,,,Up-Monocyte
CELA1,,,,,,,,,,,,-0.559066027,,,,,,,,,,,Down-Pan
CHD1,,-0.245407112,,-0.521899212,,,,,,,,,,,,,-0.245259033,,,,,, 
CHMP1B,,,,,,,,,,,-0.200759053,,-0.206540608,,-0.567985766,,-0.410241746,,,,,,Up-B
CHMP5,0.384527365,0.537791691,,0.515567893,,,,,,,0.255031933,0.377529178,,,,,0.494422149,0.659178087,0.505498326,0.681932598,,,Up-Pan
CISH,,,,,,,,,,,,1.184545142,,,,,,,,,,,Up-T
CLECL1,,-0.655164338,,,,,,,,,,,,,,,,,,,,,Up-Monocyte
CMPK2,,,,,,,,,,,,,,,,,1.082583627,1.666373577,,,,,Up-Pan
CNP,,,,,,,,,,,,,,,,,,0.515187736,,,,,Up-Pan
COBLL1,,-0.504955099,,,,,,,,,,,,,,,,,,,,,Down-Pan
CREM,,,,-0.77177204,,,,,,,,,,,,,,,,,,,Up-T
CTA-29F11.1,,,,,,,,,,,-0.50238838,,-0.556573965,,,,-0.537129315,,,,,,Down-Pan
CTD-2035E11.3,,,,,,,,,,,-0.833081498,-0.556609565,,,,,,-0.600666523,,,,,Down-Pan
CTSL,,,,,,,,,,,,,,,,,,0.95761038,,0.300560377,,,Up-Monocyte
CUL1,,,,,,,,,,,,,,,,,,0.86489828,,,,,Up-Monocyte
CX3CR1,,,,0.99068317,,,,,,,,,,,,,,,,1.117191206,,,Up-Monocyte
CXCL10,,,,,,,,,,,,,,,,,1.994110186,,,,,,Up-Monocyte
CXXC5,,,,,,,,,,,,,,,,,-0.750998206,-0.523852527,,,,,Down-Pan
CYP1B1,,,,,,,,,,,,,,,,,-0.471718844,-0.64022546,,,,, 
DDX58,,,,,,,,,,,,,,,,,0.755174672,1.07823718,,,,,Up-Pan
DDX60,,,,,,,,,,,0.965500944,1.152087503,,,,,,1.407882267,,,,,Up-Pan
DDX60L,,,,,,,,,,,0.368173976,0.369412703,,,,,0.590282002,0.666033423,,,,,Up-Pan
DNAJB1,,,,-0.473681061,,,,,,,-0.454926753,-0.355813256,-0.564504975,-0.350623347,,,,,,,,,Down-Pan
DTX3L,,,,,,,,,,,,,,,,,0.543955171,0.871567786,,,,,Up-Pan
DUSP1,,,-0.885888646,-0.559705709,,,,,,,-0.49204601,-0.379574124,-0.935337053,-0.56349043,-0.579470205,,-0.636818637,-0.323554107,-0.572360777,-0.295665623,,,Up-B
DYSF,,,,,,,,,,,,,,,,,,0.652921134,,,,,Up-Monocyte
EIF2AK2,,,,,,,,,,,0.750604694,0.766109243,0.727531082,0.669581485,,,0.67713503,0.894767471,,,,,Up-Pan
EIF3L,-0.25282213,-0.260287268,,,,,,,,,-0.338351884,-0.388587806,-0.271322625,,-0.355412182,-0.389359934,-0.411409736,-0.486439626,-0.436365371,-0.502625165,,,Down-Pan
EIF4B,,-0.306726281,,,,,,,,,-0.226960164,-0.249057368,,,,,-0.509274233,-0.661759253,-0.511255194,-0.504079605,,,Down-Pan
ELMSAN1,,,,,,,,,,,,,,,,,-0.653985901,-0.389927352,,,,,Down-Pan
EPSTI1,,,,,,,,,,,1.219259961,1.097493062,1.147980967,,,,1.115585963,1.771304565,1.020885668,1.634582588,,,Up-Pan
EREG,,,,,,,,,,,,,,,,,-0.847888955,,,,,,Up-T
EXOSC3,,,,,,,,,,,,,,,,,,0.540241044,,,,,Up-Monocyte
FABP5,,,,,,,,,,0.604242319,0.513459567,0.337299328,0.442280071,,,,,0.41107856,,,,,Up-T
FAM101B,,,,,,,,,,,,,,,,,,-0.624433997,,,,,Down-Pan
FAM13A,,,,,,,,,,,0.863338608,0.65456122,,,,,,,,,,,Up-T
FAM3C,,0.63378536,,,,,,,,,,,,,,,,,,,,,Up-B
FBXO6,,,,,,,,,,,,,,,,,0.5136435,0.854804012,,,,,Up-Pan
FCGR1A,,,,,,,,,,,,,,,,,0.521002898,0.553939476,,,,,Up-Monocyte
FCGR1B,,,,,,,,,,,,,,,,,0.721821916,0.629310276,,,,,Up-Monocyte
FCGR3A,,,,,,,,,,,,,,,,,0.65258182,0.554284619,,,,,Up-Monocyte
FCRL5,0.640644128,,,,,,,,,,,,,,,,,,,,,,Up-B
FKBP5,,,,,,,,,,,,,,,,,,0.809989883,,,,,Up-Monocyte
FOS,-0.668691271,-0.386201974,-0.934212749,-0.763472948,,,,,-0.934909273,,-0.785348094,-0.645953265,-1.069285232,-0.709580156,-0.697485623,-0.402049536,-0.723058862,-0.419436188,-0.949091096,-0.544116639,,,Up-B
FOSB,-0.347758022,-0.517304285,,-0.630379254,,,,,,,-0.464552914,-0.467167657,-0.813147169,-0.529132442,-0.621261677,-0.253180103,-0.747008067,-0.501647615,-0.721887865,-0.404925071,,,Up-B
FOSL2,,,,-0.4179771,,,,,,,,,,-0.590140727,,,,-0.439553864,,,,,Up-T
FPR1,,,,,,,,,,,,,,,,,,,0.547696612,,,,Up-Monocyte
FRG1B,,,,,,,,,,,,,,-0.534446484,,,,-0.58887216,,,,,Down-Pan
G0S2,,,,,,,,,,,,,,,,,,-0.803746291,,,,,Up-T
GABARAPL1,,,,,,,,,,,,,,,,,-0.560201842,,,,,,Up-B
GBP1,,,,,,,,,,,0.707430178,0.548204543,,0.489251326,,,1.218359556,1.433661713,,,,,Up-Pan
GBP3,,,,,,,,,,,,,,,,,,0.535027686,,,,,Up-Pan
GBP4,,,,,,,,,,,0.379138139,,,,,,0.580655709,0.697893867,,,,,Up-Pan
GBP5,,,,,,,,,,,0.351822027,0.427035849,,,,,,0.940711003,,,,,Up-Pan
GIMAP2,,,,,,,,,,,-0.156253012,,,,,,,,,0.584655991,,,Up-Monocyte
GIMAP4,,,,,,,,,,,,,,,,,0.600628926,0.752864809,0.6448763,1.040442113,,,Up-Monocyte
GIMAP5,,,,,,,,,,,,,,,,,,0.701510676,,,,,Down-Pan
GIMAP7,,,,0.375434006,,,,,,,,,,,,,0.689077645,0.987173836,,1.235042298,,,Up-Monocyte
GLUL,,,,,,,,,,,,,,,,,,0.247659406,,0.638814659,,,Up-Monocyte
GNLY,,,,,,,,,,,-0.186572355,,,-1.063491795,,,,,,,,,Down-Pan
GPR171,,,,,,,,,,,0.584472612,0.564170532,,,,,,,,,,,Up-T
GPR183,,,,,,,,,,,,,-0.455976364,,-0.874085571,,-1.063251663,,,,,,Up-T
GZF1,,,,,,,,,,,,,,,,,-0.638126494,,,,,,Up-B
HCAR3,,,,,,,,,,,,,,,,,,-0.682412075,,,,, 
HERC5,,,,,,,,,,,0.994961199,1.092076004,,,,,0.85643853,1.551211945,,,,,Up-Pan
HIST1H2AC,,0.560563827,,,,,,,,,,,,,,,,,,,,,Up-Pan
HLA-C,,,,,,,,,,,,,,,,0.315832926,,,,,,0.504143703,Up-Pan
HLA-DQB1,0.335016496,,,,,,,,,,0.443922723,,0.621639213,,,,,,,,,,Up-Pan
HSH2D,,,,-0.386201447,,,,,,,,0.434548979,,,,,0.616879524,0.652638902,,,,,Up-Pan
HSP90AB1,,,,,,,,,,0.504069549,,,,,,,,,,,,,Up-Pan
ICAM4,,,,,,,,,,,,,,,,,,,,-0.811335298,,,Up-T
ID3,,,,,,,,,,,-0.548348475,,,,,,,,,,,,Up-T
IER3,,,,,,,,,,,,,,,,,-0.618515167,-0.53671643,,,,,Up-T
IER5L,,,,,,,,,,,,,,,,,,-0.553343849,,,,,Up-B
IFI16,,0.22866615,0.342988287,0.417435775,,,,,,0.484247185,0.358257933,0.347232415,0.343020049,0.385946427,0.520552057,0.624322456,0.58081152,0.653354186,0.391445361,0.634460123,,,Up-Pan
IFI27,,,,,,,,,,,2.498834861,2.836163508,2.834914095,,,,2.710638049,2.86550017,,,,,Up-Pan
IFI35,,,,0.571101349,,,,,,,0.552511899,0.524754027,0.49183303,0.528357093,,,0.703493026,1.034682473,0.589701314,0.824931086,,,Up-Pan
IFI44,,,,,,,,,,,1.132677243,1.090335971,,,,,0.963471666,1.634911794,,,,,Up-Pan
IFI44L,1.693247936,,,,,,,,,,1.590071365,2.070888084,1.987912342,,,,1.384285924,2.364891426,,,,,Up-Pan
IFI6,0.839353621,1.250096609,1.018266828,0.988374689,,,,,,,0.981949909,0.999116348,0.954110206,0.77157197,1.296526093,1.841314033,1.084356003,1.6881294,1.04217722,1.616721309,,,Up-Pan
IFIH1,,,,,,,,,,,,,,,,,,0.960624861,,,,,Up-Pan
IFIT1,,,,,,,,,,,,,,,,,1.451918293,2.185452073,,,,,Up-Pan
IFIT2,,,,,,,,,,,,,,,,,1.289747309,1.777035324,,,,,Up-Monocyte
IFIT3,,,,,,,,,,,,,,,,,1.520284901,2.247478559,,,,,Up-Pan
IFITM1,1.245665493,1.285986581,,0.204350516,,,,,0.863150841,0.806247557,0.358339048,0.310789058,0.369485059,0.345516429,,,1.171904236,1.497960331,1.417593144,1.406912547,,,Up-Monocyte
IFITM2,0.246596841,0.407372903,,,,,,,,,,0.207816376,0.302357291,,0.579638838,0.451048194,0.429252467,0.476891105,,,,,Up-Pan
IFITM3,,,0.485047508,0.456719324,,,,,,,0.423027714,0.256792523,0.269482825,,1.526761158,1.721954757,1.094358479,1.422498919,0.681362581,0.802611229,,,Up-Monocyte
IFNGR1,,,,-0.791540223,,,,,,,,,-0.652757205,,,,,,,,,,Up-Monocyte
IGJ,-0.421304479,-0.516715791,,,,,,,,,,,,,,,,,,,,,Down-Monocyte
IL1B,,,,,,,,,,,,,,,,,-1.133484591,-0.594724214,,,,,Up-B
IL8,,,,,,,,,,,,,,,,,-1.102289765,-0.622091566,,,,,Up-T
ILF3-AS1,-0.367974972,,,,,,,,,,-0.398634988,-0.186408011,-0.647283985,,,,,,,,,,Up-B
IRF7,0.688931165,0.835532342,,,,,,,,,0.673736187,0.735916048,0.703307213,0.765588488,,,0.820348006,1.131400754,0.477731187,0.767296629,0.329632246,0.360900899,Up-Pan
IRF9,,,,,,,,,,,,0.452656095,0.455158507,0.554024811,,,,0.635495607,,,,,Up-Pan
ISG15,0.744569466,0.950774899,0.862709093,0.888678414,,,,,1.032753635,,1.089060851,1.064974804,0.887320093,0.86053275,1.129471341,1.529657314,1.128331346,1.541481421,1.268423094,1.562927594,,,Up-Pan
ISG20,0.325410278,0.342104264,0.601530669,0.427299103,,,,,0.703944815,,0.304474443,0.275438977,0.284799723,,,,0.54649269,0.645098356,,0.823081926,,,Up-Pan
ITGA4,,,,-0.234893855,,,,,,,0.338206151,0.567618595,0.304999322,,,,,,,,,,Up-Pan
ITGAE,,,,-0.366663931,,,,,,,-0.231612338,,,,,,-0.424031413,-0.594270908,,,,,Down-Pan
ITGB7,,,,0.337048204,,,,,,,0.255172388,,0.345019733,,,,,0.543654351,,,,,Up-Pan
JAK2,,,,,,,,,,,,,,,,,,0.628868938,,,,,Up-Pan
JUN,,,-0.866669129,,,,,,,,-0.350973156,,-0.724893012,,-0.610597455,,-0.623581314,-0.477718271,,,,,Up-B
JUNB,,,-0.444318036,-0.314389738,,,,,,,-0.319133537,,-0.536383543,,-0.47410681,,-0.300277317,,-0.414009459,-0.19030551,,,Up-B
JUND,-0.398395333,-0.296984226,-0.343704067,,,,,,,,,,-0.342875704,,-0.365300958,,-0.64493331,-0.382002122,-0.307244896,-0.274809756,,,Up-T
KIF22,,,,,,,,,,,,,,,,,-0.619521995,-0.622562395,,,,,Down-Monocyte
KLF4,,,,,,,,,,,,,,,-0.435335845,,-0.539872233,,,,,,Up-T
KLF6,,,-0.662723113,-0.28072416,,,,,,,,,,,-0.399237658,,-0.462274401,,-0.283377682,,,,Up-B
KLRB1,,,,,,,,,,,,,-1.163074646,-0.773108395,,,,,,,,,Down-Pan
KLRC1,,,,,,,,,,,,,-1.004933672,,,,,,,,,,Down-Pan
KLRG1,,,,,,,,,,,0.442931918,0.516712728,,,,,,,,,,,Down-Pan
KRT10,,,,-0.294292908,,,,,,,-0.232166645,-0.160768574,,,,-0.266152339,-0.459263306,-0.456737889,-0.493994854,-0.507766413,,,Down-Pan
LACTB2,,,,,,,,,,,,,,,,,,0.555575259,,,,,Up-Monocyte
LAG3,,,,,,,,,,,,,,0.544602186,,,,,,,,,Up-T
LAIR1,,,,,,,,,,,,,,,,,0.503971059,0.540097043,,,,,Up-Monocyte
LAIR2,,,,,,,,,,,,-0.766642044,,,,,,,,,,,Up-T
LAP3,,,,,,,,,,,0.438999566,0.506634574,0.520289539,0.38063129,,0.729896142,0.728029982,0.885677408,0.580119972,0.769209905,,,Up-Pan
LDHA,,0.188568755,,-0.149333116,,,,,,0.565292332,0.235722917,0.178181931,0.235311398,,,,,,,,,,Up-Pan
LGALS1,,,,0.606630335,,,,,,,,,,,,,,,,,,,Up-Monocyte
LGALS2,,,,,,,,,,,,,,,,,0.663083682,,,,,,Up-Monocyte
LGALS3BP,,,,,,,,,,,0.500157898,0.643250587,,,,,1.443932058,2.045935612,,,,,Up-Monocyte
LGALS9,0.38536389,0.496185112,,,,,,,,,0.444156043,0.594536344,,,,0.399130045,0.370702346,0.365396254,,0.290622752,,,Up-Pan
LILRA3,,,,,,,,,,,,,,,,,1.237031761,,1.321394773,,,,Up-Monocyte
LINC00649,,,,,,,,,,,,-0.199603791,-0.534407508,,,,,,,,,,Down-Pan
LY6E,0.453929338,0.474520078,0.588133438,0.639625163,,,,,0.65945524,0.809200481,0.540893501,0.626242223,0.506608416,0.554044794,,1.245334816,0.952800899,1.346186427,0.651910431,0.753400422,,,Up-Pan
LYAR,,,,-0.501166502,,,,,,,0.373794462,,,,,,,0.370114594,,,,,Up-Monocyte
LYPD2,,,,,,,,,,,,,,,,,,,,-0.698476859,,,Down-Pan
MARCKS,,,,,,,,,,,,,,,,,,0.454530837,,0.518953756,,,Up-Monocyte
MDS2,,,,,,,,,,,-0.809810677,-0.732768516,,,,,,,,,,,Down-Pan
METTL8,-0.819356387,,,,,,,,,,,,,,,,,,,,,,Up-T
MGAT4A,,,-0.518852313,-0.571759133,,,,,,,-0.513452223,-0.362975084,-0.515523087,-0.344139815,,,,,,,,,Down-Pan
MIR24-2,,,,,,,,,,,,,,,,,-1.250004848,-0.931315408,,,,,Up-B
MNDA,,,,,,,,,,,,,,,,0.41656743,0.48040045,0.452121026,0.52603902,0.601394693,,,Up-Monocyte
MRPL27,,,,,,,,,,,0.252083522,0.205371484,,,,,0.383552482,0.529219079,,0.683565037,,,Up-Monocyte
MRPS18C,0.36394847,,,,,,,,,,,,,,,,,0.412395778,,0.518884739,,,Up-Monocyte
MRPS31,,,,,,,,,,,,0.226778211,,,,,0.503254802,0.335931286,,,,,Up-Pan
MS4A4A,,,,,,,,,,,,,,,,,0.545259344,0.740461172,0.933089574,1.020060593,,,Up-Monocyte
MS4A6A,,,,,,,,,,,,,,,,,,,,0.631971152,,,Up-Monocyte
MT1X,,,,,,,,,,,0.206484778,,,,,,0.52194673,0.504724551,,,,,Up-Monocyte
MT2A,,,,,,,,,,0.542059745,0.534132121,0.554612923,,,0.92720408,1.112251798,0.950318595,1.118751394,0.983125972,0.99115115,,,Up-Pan
MX1,,,,,,,,,,,0.91962503,1.235707094,,,,,0.985333762,1.702936928,,,,,Up-Pan
MX2,,,,,,,,,,,0.577266392,0.63460957,,,,,0.836359002,1.082721463,,0.963287087,,,Up-Pan
MYOF,,,,,,,,,,,,,,,,,,0.639156926,,,,,Up-Monocyte
NAGK,,,,,,,,,,,,,,,,,,0.370951953,0.418958769,0.526379256,,,Up-Monocyte
NCF1,,,,,,,,,,,-0.283184311,-0.314207649,-0.399252596,-0.428329499,,,,0.264382426,,0.911727796,,,Up-Monocyte
NCF4,,,,,,,,,,,,0.501595181,,,,,,,,,,,Up-Monocyte
NCOA7,,,,,,,,,,,,,,-0.356757462,,,,0.527001737,,,,,Up-Pan
NFE2L2,,,,-0.513431211,,,,,,,,,,,,,-0.444608356,,,,,,Up-T
NMI,,,,,,,,,,,0.387232165,0.469939918,,,,,0.438949948,0.48932782,0.411893986,0.715208011,,,Up-Monocyte
NPDC1,,,,,,,,,,,0.917781374,0.795776303,,,,,,,,,,,Up-T
NR1D2,,,,,,,,,,,,,,,,,-0.599784956,,,,,, 
NR4A1,,,,,,,,,,,,,,,,,-0.679461272,,,,,,Up-B
NR4A2,-0.612725491,-0.581538469,-0.883655562,-0.477899686,,,,,,,-0.576069943,,-0.818148471,-0.452566054,-0.978374514,-0.410086486,-0.765952391,-0.409950918,,,,,Up-B
NT5C3A,,0.487868104,,,,,,,,,,,,,,,,,,0.864181159,,,Up-Pan
OAS1,,,,,,,,,,,1.082516989,1.463960991,,,,,0.815198567,1.186228892,0.370637885,0.747970264,,,Up-Pan
OAS2,,,,,,,,,,,,,,,,,1.069671601,1.416006178,,,,,Up-Pan
OAS3,,,,,,,,,,,,,,,,,1.073408783,1.338542619,,,,,Up-Pan
OASL,,,,,,,,,,,,,,,,,,1.563287794,,,,,Up-Pan
ODF3B,,,,,,,,,,,,0.917047929,,,,,,,,0.299466798,,,Up-Pan
OSM,,,,,,,,,,,,0.549568301,,,,,-1.038577861,-0.65442301,,,,,Up-B
PARP12,,,,,,,,,,,,,,,,,,0.759991297,,,,,Up-Pan
PARP14,,0.40643232,,,,,,,,,0.50759905,,,,,,0.556495197,0.756615303,,,,,Up-Pan
PARP9,,,,,,,,,,,0.739534423,0.695085632,,,,,0.736062812,1.174674478,,,,,Up-Pan
PASK,,,,,,,,,,,-0.693967773,,,,,,,,,,,,Down-Pan
PATL2,,,,,,,,,,,,,0.685594218,0.811135471,,,,,,,,,Up-T
PIK3R1,,,,-0.733622772,,,,,,,,,,-0.556570659,,,,,,,,, 
PIM1,,,,0.438749786,,,,,,,0.500410469,0.538954691,,0.481094865,,,,,,,,,Up-T
PITPNC1,,,,-0.502804455,,,,,,,,,,-0.349061807,,,,,,,,,Down-Pan
PLAC8,,,,0.227777819,,,,,,,,,,,,,0.818119121,0.901522032,,0.764255435,,0.516333874,Up-Pan
PLD4,0.58370414,,,,,,,,,,,,,,,,,,,,,,Up-B
PLEKHF2,,0.550742427,,,,,,,,,,,,,,,,,,,,,Down-Monocyte
PLSCR1,,,,,,,,,,,0.826472564,0.672967782,0.630866408,,,,0.440286399,,,1.012151189,,,Up-Pan
PNPT1,,,,,,,,,,,,,,,,,,0.501108188,,,,,Up-Monocyte
PPIF,,,,,,,,,,,,,,,,,-0.569618604,-0.343830541,,,,,Up-T
PPM1K,0.302304224,0.277354731,,,,,,,,,,0.362981242,,,,,,0.742108701,,,,,Up-Pan
PPP1R15A,-0.437167621,,-0.700915911,,,,,,,,-0.559018684,-0.315986134,-0.822809561,-0.40286301,,,-0.605881241,-0.361688354,-0.530809403,-0.266183379,,,Up-B
PPP1R15B,,,,,,,,,,,,,,,,,-0.541264768,-0.292608654,,,,,Up-B
PRDX4,,,,,,,,,,,0.508265686,0.454408719,,,,,,,,,,,Up-T
PRMT10,,,,,,,,,,,-0.655693079,-0.385374557,-0.68213712,-0.358991192,,,-0.690276707,-0.47188848,,,,,Up-T
PSMB9,0.389253937,0.287048089,,0.392494747,,,,,,,0.378692553,0.288423481,0.293300267,0.22198108,,0.465390576,0.465029459,0.519240863,0.380340012,0.458514685,,,Up-Pan
PSME2,0.333197797,0.360202598,0.300010837,0.504080051,,,,,,0.531474782,0.359043665,0.300116553,0.347627821,0.311689016,0.496901934,0.389274675,0.38773955,0.516292074,0.340083756,0.399369332,,,Up-Pan
PTCH2,,,,,,,,,,,,,,,,,-0.694096864,,,,,,Down-Monocyte
PTGER2,,,,,,,,,,,0.651184458,0.632058891,0.399918337,0.542635322,,,,,,,,,Up-T
PTGER4,,,,,,,,,,,-0.380711776,,,,,,-0.501950905,,,,,,Up-B
PTGS2,,,,,,,,,,,,,,,,,-1.085671861,-0.771361565,,,,,Up-T
RABGAP1L,,,,,,,,,,,0.29454776,0.21844959,,,,,,0.766400144,,0.356826892,,,Up-Monocyte
RBM38,,,,,,,,,,,,,-0.408296076,-0.550301609,,,,,,,,,Up-T
RGCC,,,,,,,,,,,-0.596137986,-0.388887821,-0.828455405,,,,-0.849650688,-0.490629983,,,,,Up-T
RGS1,-0.689375514,,,,,,,,,,,,,,,,,,,,,,Up-B
RNASE2,,,,,,,,,,,,,,,,,0.582865405,,,,,,Up-Monocyte
RNF213,,0.301949175,,0.252923674,,,,,,,0.215560903,0.231079869,0.288915721,0.213032614,,,0.633790583,0.662703262,,0.457982256,,,Up-Pan
RNU12,,,,,,,,,,,-0.737445447,-0.80325941,,,,,-0.910694616,,,,,,Down-Monocyte
RP1-313I6.12,-0.37002728,,,,,,,,,,-0.751388482,-0.501119416,-0.997710494,,,,,,,,,,Up-B
RP11-108M9.4,,,,,,,,,,,,,,,,,,-0.522112773,,,,,Down-Monocyte
RP11-1399P15.1,,,,,,,,,,,0.690414416,,,,,,,,,,,,Up-T
RP11-143J12.2,,,,,,,,,,,-0.54530365,-0.249287896,,,,,,,,,,,Down-Pan
RP11-164H13.1,0.934270384,1.675226057,,,,,,,,,,,,,,,,,,,,,Up-B
RP11-191L17.1,,,,,,,,,,,-0.53947229,,,,,,,,,,,,Down-Pan
RP11-51J9.5,,,-0.583179058,-0.516027136,,,,,,,-0.369836526,-0.243205177,-0.364111057,,,,,,,,,,Down-Monocyte
RP11-796E2.4,,,,,,,,,,,-0.559976562,-0.332475741,-0.444032298,,,,,,,,,,Down-Pan
RP5-1073O3.7,,,,,,,,,,,-0.599195517,-0.654939533,,,,,,,,,,,Up-B
RP5-882C2.2,,,,,,,,,,,-0.565724826,,,,,,,,,,,,Down-Pan
RP5-887A10.1,-0.58125198,,,,,,,,,,,,,,,,,,,,,,Down-Pan
RPPH1,,,,,,,,,,,,,,,,,-1.313384812,,,,,,Down-Monocyte
RPS27L,,,,0.283482619,,,,,,,0.10779384,0.158081686,,0.196740584,,,,,0.536234809,0.516558724,,,Up-Monocyte
RTKN2,,,,,,,,,,,0.506856014,,,,,,,,,,,,Up-T
S100A11,,,,0.67426605,,,,,,,0.419843667,0.460440402,,,,0.224417667,0.278136852,0.18500853,0.263463927,0.205370234,,,Up-Monocyte
SAMD3,,,,,,,,,,,0.519036291,0.474777254,,,,,,,,,,,Up-T
SAMD4A,,,,,,,,,,,,,,,,,,0.667639828,,,,,Up-Monocyte
SAMD9,0.546698518,0.462497413,,0.327735741,,,,,,,0.425198051,0.372551782,0.268039331,0.405994204,,,0.895481435,1.130179209,,,,,Up-Pan
SAMD9L,0.667321227,1.00889373,,,,,,,,,0.793526146,0.832015058,0.686273344,0.758464489,,,1.003429595,1.429001732,,,,,Up-Pan
SCLT1,,,,-0.508585512,,,,,,,,,,,,,,,,,,,Up-Pan
SDR42E2,,,,,,,,,,,-0.663304715,-0.435948173,,,,,-0.411235967,,,,,,Up-B
SERPING1,,,,,,,,,,,,,,,,,1.054208717,,,,,,Up-Monocyte
SGK1,,,,,,,,,,,,0.493367366,,,,,-0.60364765,,,,,,Up-T
SIK1,,,,,,,,,,,,,,,,,-0.622288736,,,,,,Up-B
SIT1,,,,,,,,,,,,0.267330623,,0.504270245,,,,,,,,,Up-T
SLC2A3,-0.514091667,-0.436025722,,-0.326536167,,,,,,,-0.403395962,-0.355862556,-0.525535483,-0.435772583,,,,-0.477242152,,,,,Up-T
SLFN5,,,,0.631958974,,,,,,,0.269955704,0.180742202,0.441272383,0.304800457,,,,,,,,,Up-Pan
SNHG15,,,,,,,,,,,,,,,,,-0.525309909,-0.365517129,,,,,Up-B
SNHG9,-0.422483416,-0.269905145,-0.501437126,-0.418435573,,,,,,,-0.309776948,-0.244652928,-0.362265422,-0.304573296,,,-0.269103514,-0.303752115,,,,,Down-Monocyte
SNORD3A,,,,,,,,,,,-0.588538491,,,,,,-0.532230107,-0.714306341,,,,,Down-Monocyte
SNORD3B-1,,,,,,,,,,,,,,,,,-1.370732308,,,,,,Up-B
SOCS2,,,,,,,,,,,0.726703895,0.887357071,,,,,,,,,,,Up-T
SP110,0.286755103,0.292420508,,0.432694577,,,,,,,0.207965556,0.301385715,0.291364594,0.372194553,,0.640369979,0.430181844,0.593566726,0.443237242,0.531762981,,,Up-Pan
STARD3NL,,,,0.595221416,,,,,,,,,,,,,,,,,,,Up-T
STAT1,,,,,,,,,,,0.8009401,0.64704941,0.773796762,0.586820731,,,0.786357646,0.731517199,0.760788062,0.97150277,,,Up-Pan
STAT2,,,,,,,,,,,,0.396588118,,,,,0.441514602,0.514593351,,,,,Up-Pan
STRADB,,,,,,,,,,,0.597436666,0.533100061,,,,,,,,,,,Up-T
STX7,,0.547826129,,,,,,,,,,,,,,,0.391259489,0.312018565,,0.304192843,,,Up-Pan
SULF2,,,,,,,,,,,,0.815581781,,,,,,,,,,,Up-Monocyte
TAP1,,,0.380027604,0.569235194,,,,,,,0.521407955,0.470498321,0.402062716,0.422533439,,,0.563155005,0.63459097,,,,,Up-Pan
TBC1D19,,,,,,,,,,,-0.547217061,-0.434416424,,,,,,,,,,,Down-Monocyte
TCEAL4,,,,,,,,,,,,,-0.552649846,,,,,,,,,, 
TCL1A,0.647466417,0.866045417,,,,,,,,,,,,,,,,,,,,,Up-B
TCN2,,,,,,,,,,,,,,,,,0.653995964,,,,,,Up-Monocyte
TESC,,,,,,,,,,,,,,,,,,,,-0.662899654,,,Up-T
TGIF1,,,,,,,,,,,,,,-0.500539911,,,-0.431619526,,,,,,Up-T
TIGIT,,,,,,,,,,,0.985879071,0.652556561,,,,,,,,,,,Up-T
TIMP1,,,-0.60686106,-0.339641764,,,,,,,,,,,,,,,,,,,Up-Monocyte
TIPARP,,,,,,,,,,,,,,,,,-1.695606064,-1.028548078,,,,,Up-T
TMEM107,,,,,,,,,,,-0.345469352,,-0.407368326,,,,-0.849327342,-0.446601356,,,,,Down-Monocyte
TMEM123,,0.421345547,,,,,,,,,,,,,,,,0.377342984,,0.668197182,,,Up-Monocyte
TMEM156,,,,,,,,,,,,0.7240631,,,,,,,,,,,Up-T
TNFAIP8L2,,,,,,,,,,,,,,,,,,0.508749047,,,,,Up-Monocyte
TNFRSF18,,,,0.438761045,,,,,,,,0.635809819,,,,,,,,,,,Up-T
TNFRSF4,,,,,,,,,,,0.663332381,0.666196729,,,,,,,,,,,Up-T
TNFSF10,,,,,,,,,,,0.424067531,0.512924462,,,,,0.66749072,0.917323541,0.668257961,1.454481337,,,Up-Monocyte
TNFSF13B,,,,,,,,,,,0.530011435,0.372677128,,,,0.268972966,0.380721259,0.354489193,0.37657224,0.647068365,,,Up-Monocyte
TRIM22,0.484967755,0.474582142,,0.442970069,,,,,,,0.368573527,0.373943621,0.468681611,0.388411128,,,0.53412817,0.809812109,0.549294849,0.931578545,,,Up-Pan
TRIM52-AS1,,-0.391329375,,,,,,,,,-0.393464745,-0.227222072,,-0.362201341,,,,-0.523638496,,,,,Down-Pan
TRIM69,,,,,,,,,,,,0.45285282,,,,,,0.709523826,,,,,Up-Monocyte
TSC22D3,,,-0.621846967,-0.426882686,,,,,,,-0.268222565,,-0.36014592,,,,,,-0.276156243,,,,Up-B
TSHZ2,,,,,,,,,,,-0.726733641,-0.651644126,,,,,,,,,,,Down-Pan
TUBA1A,-0.309316834,,-0.40812527,,,,,,,,-0.399382323,-0.206364566,-0.540026141,,,,,,,,,,Up-B
TYMP,,0.224050008,,0.542821568,,,,,,,0.192809083,0.395358874,,,0.582700392,0.504199213,0.434814351,0.504002976,0.276808291,0.331949612,,,Up-Pan
TYROBP,,,-0.137539031,,,,,,,,,,,-0.555588264,,,,,,,,,Up-Monocyte
UBE2L6,,0.549402463,0.370936347,0.396852646,,,,,,,0.394829627,0.43355378,0.373330135,0.34578353,,0.506505623,0.677716022,0.690154788,0.511406639,0.586025382,,,Up-Pan
VMO1,,,,,,,,,,,,,,,,,,,,-1.150575571,,,Down-Monocyte
VNN2,,,,,,,,,,,,,,,,,,-0.542867588,,,,,Up-T
VPREB3,,0.504211217,,,,,,,,,,,,,,,,,,,,,Up-B
VRK2,,,,,,,,,,,,,,,,,,0.599444668,,,,,Up-Pan
XAF1,0.729166798,,,,,,,,,,0.794861514,0.980224449,0.826272402,0.942748746,,,0.725020993,1.245931989,,,,,Up-Pan
ZCCHC2,,,,,,,,,,,,,,,,,,0.503276912,,,,,Up-Monocyte
ZDHHC1,,,,,,,,,,,,,,,,,-0.580266306,-0.467453135,,,,,Down-Monocyte
ZFP36,-0.248258685,,-0.569664468,,,,,,,,,,-0.455645186,,-0.52768956,,-0.563231982,-0.310905047,-0.603501736,-0.276684329,,,Up-B
ZNF331,,,,,,,,,,,-0.493222095,,-0.768436702,,,,-1.12028718,,,,,,Up-B